Type,Function,Digit,Time(ns)
randomdigit,double-conversion,1,36.838670
randomdigit,double-conversion,2,41.459661
randomdigit,double-conversion,3,44.248962
randomdigit,double-conversion,4,45.974560
randomdigit,double-conversion,5,47.807856
randomdigit,double-conversion,6,49.337428
randomdigit,double-conversion,7,50.595530
randomdigit,double-conversion,8,51.019256
randomdigit,double-conversion,9,51.230334
randomdigit,double-conversion,10,51.728214
randomdigit,double-conversion,11,52.606260
randomdigit,double-conversion,12,53.738664
randomdigit,double-conversion,13,54.678073
randomdigit,double-conversion,14,55.769232
randomdigit,double-conversion,15,57.327865
randomdigit,double-conversion,16,59.565760
randomdigit,double-conversion,17,65.727769
randomdigit,dragonbox,1,15.130761
randomdigit,dragonbox,2,16.150432
randomdigit,dragonbox,3,15.774820
randomdigit,dragonbox,4,16.345639
randomdigit,dragonbox,5,15.890087
randomdigit,dragonbox,6,16.473078
randomdigit,dragonbox,7,15.918793
randomdigit,dragonbox,8,16.527479
randomdigit,dragonbox,9,16.236461
randomdigit,dragonbox,10,16.700488
randomdigit,dragonbox,11,16.281117
randomdigit,dragonbox,12,16.882373
randomdigit,dragonbox,13,16.381751
randomdigit,dragonbox,14,17.038517
randomdigit,dragonbox,15,16.501412
randomdigit,dragonbox,16,17.153112
randomdigit,dragonbox,17,19.343500
randomdigit,fmt,1,14.540535
randomdigit,fmt,2,17.319701
randomdigit,fmt,3,15.721282
randomdigit,fmt,4,16.764043
randomdigit,fmt,5,15.818466
randomdigit,fmt,6,16.928878
randomdigit,fmt,7,15.702442
randomdigit,fmt,8,17.019354
randomdigit,fmt,9,17.821756
randomdigit,fmt,10,19.219808
randomdigit,fmt,11,17.791719
randomdigit,fmt,12,18.992853
randomdigit,fmt,13,17.463446
randomdigit,fmt,14,18.680383
randomdigit,fmt,15,17.294452
randomdigit,fmt,16,18.530096
randomdigit,fmt,17,21.714649
randomdigit,null,1,0.945381
randomdigit,null,2,0.945389
randomdigit,null,3,0.946462
randomdigit,null,4,0.945407
randomdigit,null,5,0.946422
randomdigit,null,6,0.945391
randomdigit,null,7,0.946472
randomdigit,null,8,0.945389
randomdigit,null,9,0.946452
randomdigit,null,10,0.945388
randomdigit,null,11,0.946440
randomdigit,null,12,0.945376
randomdigit,null,13,0.946441
randomdigit,null,14,0.946442
randomdigit,null,15,0.945395
randomdigit,null,16,0.946441
randomdigit,null,17,0.945397
randomdigit,ostringstream,1,396.733691
randomdigit,ostringstream,2,401.747180
randomdigit,ostringstream,3,406.294179
randomdigit,ostringstream,4,407.921683
randomdigit,ostringstream,5,411.294942
randomdigit,ostringstream,6,416.454839
randomdigit,ostringstream,7,419.727841
randomdigit,ostringstream,8,422.117389
randomdigit,ostringstream,9,429.000894
randomdigit,ostringstream,10,437.942228
randomdigit,ostringstream,11,443.330572
randomdigit,ostringstream,12,444.085939
randomdigit,ostringstream,13,445.107829
randomdigit,ostringstream,14,446.927869
randomdigit,ostringstream,15,456.115506
randomdigit,ostringstream,16,452.593966
randomdigit,ostringstream,17,447.918188
randomdigit,ryu,1,36.074694
randomdigit,ryu,2,36.399822
randomdigit,ryu,3,35.377934
randomdigit,ryu,4,34.346778
randomdigit,ryu,5,33.435766
randomdigit,ryu,6,32.450281
randomdigit,ryu,7,31.496021
randomdigit,ryu,8,30.851462
randomdigit,ryu,9,29.753497
randomdigit,ryu,10,30.521289
randomdigit,ryu,11,28.081262
randomdigit,ryu,12,27.258002
randomdigit,ryu,13,26.155180
randomdigit,ryu,14,25.182345
randomdigit,ryu,15,24.557117
randomdigit,ryu,16,23.766793
randomdigit,ryu,17,23.561360
randomdigit,schubfach,1,17.536549
randomdigit,schubfach,2,18.585463
randomdigit,schubfach,3,18.385041
randomdigit,schubfach,4,18.424642
randomdigit,schubfach,5,18.397281
randomdigit,schubfach,6,18.288871
randomdigit,schubfach,7,18.285239
randomdigit,schubfach,8,18.131227
randomdigit,schubfach,9,17.878811
randomdigit,schubfach,10,23.871509
randomdigit,schubfach,11,23.876835
randomdigit,schubfach,12,23.942668
randomdigit,schubfach,13,23.565667
randomdigit,schubfach,14,23.503396
randomdigit,schubfach,15,23.126923
randomdigit,schubfach,16,24.335102
randomdigit,schubfach,17,27.969330
randomdigit,sprintf,1,260.522734
randomdigit,sprintf,2,270.668841
randomdigit,sprintf,3,274.698961
randomdigit,sprintf,4,276.437207
randomdigit,sprintf,5,279.939207
randomdigit,sprintf,6,284.675888
randomdigit,sprintf,7,287.401172
randomdigit,sprintf,8,290.657576
randomdigit,sprintf,9,293.301989
randomdigit,sprintf,10,296.764244
randomdigit,sprintf,11,299.378200
randomdigit,sprintf,12,300.719182
randomdigit,sprintf,13,302.952525
randomdigit,sprintf,14,304.201064
randomdigit,sprintf,15,304.169869
randomdigit,sprintf,16,301.983395
randomdigit,sprintf,17,298.683252
randomdigit,to_chars,1,40.920281
randomdigit,to_chars,2,42.098096
randomdigit,to_chars,3,40.958674
randomdigit,to_chars,4,40.109009
randomdigit,to_chars,5,39.535131
randomdigit,to_chars,6,38.657209
randomdigit,to_chars,7,37.500184
randomdigit,to_chars,8,36.747990
randomdigit,to_chars,9,35.688655
randomdigit,to_chars,10,36.434649
randomdigit,to_chars,11,33.996378
randomdigit,to_chars,12,32.775345
randomdigit,to_chars,13,32.334891
randomdigit,to_chars,14,31.969325
randomdigit,to_chars,15,30.995551
randomdigit,to_chars,16,30.508315
randomdigit,to_chars,17,31.342126
randomdigit,uxs,1,31.379470
randomdigit,uxs,2,32.401301
randomdigit,uxs,3,32.408231
randomdigit,uxs,4,32.173402
randomdigit,uxs,5,32.605095
randomdigit,uxs,6,32.165870
randomdigit,uxs,7,32.539824
randomdigit,uxs,8,32.410220
randomdigit,uxs,9,32.546638
randomdigit,uxs,10,32.468550
randomdigit,uxs,11,32.659926
randomdigit,uxs,12,32.466310
randomdigit,uxs,13,32.706356
randomdigit,uxs,14,32.488351
randomdigit,uxs,15,34.223413
randomdigit,uxs,16,34.981778
randomdigit,uxs,17,37.202813
randomdigit,xjb64,1,10.529215
randomdigit,xjb64,2,10.522760
randomdigit,xjb64,3,10.501467
randomdigit,xjb64,4,10.524664
randomdigit,xjb64,5,10.526112
randomdigit,xjb64,6,10.505311
randomdigit,xjb64,7,10.528408
randomdigit,xjb64,8,10.508123
randomdigit,xjb64,9,10.499955
randomdigit,xjb64,10,10.499543
randomdigit,xjb64,11,10.512920
randomdigit,xjb64,12,10.532662
randomdigit,xjb64,13,10.511443
randomdigit,xjb64,14,10.531298
randomdigit,xjb64,15,10.489440
randomdigit,xjb64,16,10.523380
randomdigit,xjb64,17,10.506449
randomdigit,yy,1,10.361059
randomdigit,yy,2,10.408064
randomdigit,yy,3,10.400886
randomdigit,yy,4,10.361612
randomdigit,yy,5,11.552183
randomdigit,yy,6,11.619673
randomdigit,yy,7,10.991853
randomdigit,yy,8,10.929985
randomdigit,yy,9,12.077185
randomdigit,yy,10,12.513939
randomdigit,yy,11,11.964430
randomdigit,yy,12,11.996143
randomdigit,yy,13,13.097595
randomdigit,yy,14,13.305885
randomdigit,yy,15,12.712590
randomdigit,yy,16,12.623405
randomdigit,yy,17,12.632545
randomdigit,zmij,1,11.015346
randomdigit,zmij,2,11.125534
randomdigit,zmij,3,10.908865
randomdigit,zmij,4,11.015719
randomdigit,zmij,5,11.035004
randomdigit,zmij,6,10.923385
randomdigit,zmij,7,10.983633
randomdigit,zmij,8,11.110413
randomdigit,zmij,9,11.218194
randomdigit,zmij,10,11.024325
randomdigit,zmij,11,11.071349
randomdigit,zmij,12,11.069376
randomdigit,zmij,13,10.983561
randomdigit,zmij,14,11.314047
randomdigit,zmij,15,10.945637
randomdigit,zmij,16,11.193742
randomdigit,zmij,17,11.102190
